Title,Author,Format-Year
"Real-World Spanish: The Conversation Learning System
Real-World Spanish: The Conversation Learning System, eAudiobook",Camila Vega Rivera,eAudiobook - 2025
"Learning Spanish-beginner I
Learning Spanish-beginner I, eBook","Iris Acevedo A. â€¢ Spanishonline, Costarica",eBook - 2025 | Spanish
"100 Facts About Learning Spanish
100 Facts About Learning Spanish, eAudiobook",Science-Based Language Learning Lab,eAudiobook - 2024
"100 Facts About Learning Spanish
100 Facts About Learning Spanish, eBook
English to Spanish",Science-Based Language Learning Lab,eBook - 2024
"A Beginner's Guide to Learning Spanish
A Beginner's Guide to Learning Spanish, eAudiobook","Miller, Jackson",eAudiobook - 2024
"No Tears Spanish Grammar: Easy Learning: Essential Rules for Beginners
No Tears Spanish Grammar: Easy Learning: Essential Rules for Beginners, eBook","Bennett, Olivia",eBook - 2024
"The Ultimate Learning Spanish Blueprint - 10 Essential Steps
The Ultimate Learning Spanish Blueprint - 10 Essential Steps, eBook","Ramirez, Andres",eBook - 2024
"Guess What Baby J Is Learning? 123's Spanish
Guess What Baby J Is Learning? 123's Spanish, eBook","Sharif, Mboya",eBook - 2023 | Spanish
"Learning Spanish for Adults Beginner
Learning Spanish for Adults Beginner, eBook","World, Spain",eBook - 2023
"Learning to Read in English and Spanish Made Easy
Learning to Read in English and Spanish Made Easy, eBook
A Guide for Teachers, Tutors, and Parents","Navarijo, Susie G.",eBook - 2022
"Learn Spanish Like a Native for Beginners - Level 1: Learning Spanish in Your Car Has Never Been Eas
Learn Spanish Like a Native for Beginners - Level 1: Learning Spanish in Your Car Has Never Been Eas, eBook",Learn Like a Native,eBook - 2021
"Spanish for Beginners: A Comprehensive Guide for Learning the Spanish Language Fast
Spanish for Beginners: A Comprehensive Guide for Learning the Spanish Language Fast, eBook",Language Equipped Travelers,eBook - 2021
"Learn Spanish Like a Native for Beginners - Level 2: Learning Spanish in Your Car Has Never Been Eas
Learn Spanish Like a Native for Beginners - Level 2: Learning Spanish in Your Car Has Never Been Eas, eBook",Learn Like a Native,eBook - 2021
"Spanish: Beginner's Step by Step Course to Quickly Learning the Spanish Language, Spanish Grammar &
Spanish: Beginner's Step by Step Course to Quickly Learning the Spanish Language, Spanish Grammar &, eBook","Michaels, Steven J.",eBook - 2021
"I'm Learning Spanish
I'm Learning Spanish, eAudiobook
Listen, Repeat, Speak language learning course","Gardner, James M.",eAudiobook - 2020 | Chinese
"I am learning Spanish
I am learning Spanish, eAudiobook","Gardner, James M.",eAudiobook - 2018
"The Best Spanish Learning Games for Children
The Best Spanish Learning Games for Children, eBook","Professor, Baby",eBook - 2017
"Easy Learning Spanish Vocabulary
Easy Learning Spanish Vocabulary, eBook","Dictionaries, Collins",eBook - 2016 | Spanish
"Easy Learning Spanish Grammar: Trusted support for learning
Easy Learning Spanish Grammar: Trusted support for learning, eBook",Various Authors,eBook - 2016
"Easy Learning Spanish Verbs
Easy Learning Spanish Verbs, eBook",Various Authors,eBook - 2016
